{
    "args": {
        "Model_type": "RNN",
        "batch_size": 125,
        "dataset": "small_dataset",
        "epochs": 140,
        "hidden_size": 128,
        "input_size": 300,
        "lr": 0.001,
        "lr_decay_gamma": 0.3,
        "lr_decay_patience": 80,
        "model": null,
        "no_cuda": false,
        "output": "/home/nnanos/Desktop/PYTHON/eksoruksh_dedomenwn/drive-download-20210509T145040Z-001/output_fold_RNN",
        "output_size": 1,
        "patience": 10,
        "quiet": false,
        "root": "/home/nnanos/Desktop/PYTHON/eksoruksh_dedomenwn/drive-download-20210509T145040Z-001/spam_or_not_spam_data/outputfile.csv",
        "seed": 42,
        "unidirectional": true,
        "weight_decay": 1e-05,
        "word2vec_flag": 1
    },
    "best_epoch": 40,
    "best_loss": 0.05631798566366565,
    "epochs_trained": 50,
    "num_bad_epochs": 10,
    "train_loss_history": [
        0.6232691322054181,
        0.5079920419624874,
        0.4230348425252097,
        0.32020517332213266,
        0.2870523397411619,
        0.2950253486633301,
        0.3238945709807532,
        0.28327452710696627,
        0.2682135041270937,
        0.34825158544949125,
        0.37749397328921724,
        0.3134350861821856,
        0.2580175314630781,
        0.32043021065848215,
        0.27039838262966703,
        0.2593289017677307,
        0.19495896569320134,
        0.15408936887979507,
        0.29979874406542095,
        0.454309527363096,
        0.38849616050720215,
        0.3226726587329592,
        0.1649385243654251,
        0.15367565410477774,
        0.16323351860046387,
        0.15084875587906157,
        0.13572923094034195,
        0.1283375769853592,
        0.12232208997011185,
        0.12042794057301112,
        0.1766326374241284,
        0.11998157841818673,
        0.10930970417601722,
        0.10231096829686846,
        0.1698083696620805,
        0.22079271716730936,
        0.17428302871329443,
        0.1299801426274436,
        0.10459474793502263,
        0.1114279915179525,
        0.10886772189821516,
        0.10264356487563678,
        0.08433867139475686,
        0.07161058432289533,
        0.08746109743203435,
        0.08737022270049367,
        0.064430014363357,
        0.06469489607427802,
        0.06366586126387119,
        0.061216256714292934
    ],
    "train_time_history": [
        0.9329514503479004,
        0.7118864059448242,
        0.732717752456665,
        0.7320146560668945,
        0.699063777923584,
        0.6868817806243896,
        0.7121646404266357,
        0.7125799655914307,
        0.6926419734954834,
        0.6999871730804443,
        0.738516092300415,
        0.6969015598297119,
        0.7003211975097656,
        0.7084136009216309,
        0.7409067153930664,
        0.7006547451019287,
        0.70456862449646,
        0.7021679878234863,
        0.7035317420959473,
        0.7255599498748779,
        0.7136745452880859,
        0.717332124710083,
        0.6954717636108398,
        0.7275640964508057,
        0.7118587493896484,
        0.6893548965454102,
        0.7097108364105225,
        0.7362220287322998,
        0.7215874195098877,
        0.8722901344299316,
        1.0160484313964844,
        0.8584411144256592,
        0.7866644859313965,
        0.7078108787536621,
        0.7027022838592529,
        0.7191734313964844,
        0.6970734596252441,
        0.6983513832092285,
        0.705707311630249,
        0.7009079456329346,
        0.7162432670593262,
        0.7193033695220947,
        0.7081649303436279,
        0.7105362415313721,
        0.6897144317626953,
        0.6921367645263672,
        0.7530994415283203,
        0.6917951107025146,
        0.7096822261810303
    ],
    "valid_loss_history": [
        0.5714125609671583,
        0.5066513081974521,
        0.43807022817128777,
        0.26268365106792474,
        0.31602495567569017,
        0.2371133522092536,
        0.24076511408677514,
        0.21841721526556174,
        0.23966240929439664,
        0.37840216681931393,
        0.33294935643254797,
        0.25119991354378207,
        0.5199690311767009,
        0.27459056311458047,
        0.22448943581013958,
        0.17822053240213012,
        0.15629227051739486,
        0.11578759788630569,
        0.47575929534754585,
        0.4848766443794783,
        0.33163974592842316,
        0.16682149902727378,
        0.15415300220745254,
        0.10510405283943959,
        0.09906028365782861,
        0.09333098692135239,
        0.08878419693673448,
        0.12746382844919452,
        0.08677784329498833,
        0.11604438175219206,
        0.08341801238521858,
        0.12804621186021867,
        0.08083586727639622,
        0.105725867830559,
        0.08378862654101293,
        0.29315134869859916,
        0.17280992496834727,
        0.09301027885581158,
        0.09218284212841596,
        0.05631798566366565,
        0.09068148729524442,
        0.11651727794645811,
        0.1096845728081499,
        0.092027944878542,
        0.08595170485501995,
        0.08717296368261913,
        0.09544887815005793,
        0.09491325882607976,
        0.08661980323234517,
        0.08564421630402723
    ]
}