{
    "args": {
        "Model_type": "LSTM",
        "batch_size": 125,
        "dataset": "small_dataset",
        "epochs": 140,
        "hidden_size": 128,
        "input_size": 300,
        "lr": 0.001,
        "lr_decay_gamma": 0.3,
        "lr_decay_patience": 80,
        "model": null,
        "no_cuda": false,
        "output": "/home/nnanos/Desktop/PYTHON/eksoruksh_dedomenwn/drive-download-20210509T145040Z-001/output_fold_LSTM",
        "output_size": 1,
        "patience": 10,
        "quiet": false,
        "root": "/home/nnanos/Desktop/PYTHON/eksoruksh_dedomenwn/drive-download-20210509T145040Z-001/spam_or_not_spam_data/outputfile.csv",
        "seed": 42,
        "unidirectional": true,
        "weight_decay": 1e-05,
        "word2vec_flag": 1
    },
    "best_epoch": 26,
    "best_loss": 0.04466019497058183,
    "epochs_trained": 36,
    "num_bad_epochs": 10,
    "train_loss_history": [
        0.6227296846253532,
        0.5265716399465289,
        0.41981062293052673,
        0.3132092228957585,
        0.22114250915391104,
        0.20391491055488586,
        0.2291192582675389,
        0.22717323473521642,
        0.172438417162214,
        0.16555227445704596,
        0.13117395341396332,
        0.13543186017445155,
        0.1102183743246964,
        0.10699250868388585,
        0.09271496853658132,
        0.08101401744144303,
        0.08416194947702545,
        0.15352311517511094,
        0.10827550504888807,
        0.12543936765619687,
        0.24151505529880524,
        0.11846402181046349,
        0.13500078448227473,
        0.10322240101439613,
        0.07935494184494019,
        0.07118918320962361,
        0.08008261770009995,
        0.20779147957052505,
        0.13718494027853012,
        0.11183340208871025,
        0.08090926387480327,
        0.08320530078240804,
        0.07955068828804153,
        0.06033296563795635,
        0.05666653253138065,
        0.05429754965007305
    ],
    "train_time_history": [
        1.0025265216827393,
        0.9209425449371338,
        0.9216663837432861,
        0.924257755279541,
        0.9260070323944092,
        0.913320779800415,
        0.9210169315338135,
        0.9206686019897461,
        0.9259393215179443,
        0.9239218235015869,
        0.9264001846313477,
        0.9271771907806396,
        0.9290280342102051,
        0.9413480758666992,
        0.9271945953369141,
        0.9255468845367432,
        0.9267368316650391,
        0.928436279296875,
        0.9293186664581299,
        0.9279928207397461,
        0.9289839267730713,
        0.9226226806640625,
        0.9255354404449463,
        0.9263045787811279,
        0.9274859428405762,
        0.9270164966583252,
        0.9211616516113281,
        0.9278368949890137,
        0.923933744430542,
        0.9217684268951416,
        0.9254307746887207,
        0.9247963428497314,
        0.92624831199646,
        0.9247913360595703,
        0.9329218864440918
    ],
    "valid_loss_history": [
        0.6032817260343202,
        0.5231047229727313,
        0.3671099059663865,
        0.19352276524414821,
        0.14345768500803685,
        0.14336829786473998,
        0.22920942597319277,
        0.20917420163845682,
        0.1379765165275989,
        0.10866026006334899,
        0.11983647791915858,
        0.11369027294294566,
        0.09173633248250627,
        0.12402604702308927,
        0.07713052392604627,
        0.12583499241202156,
        0.09398850901836377,
        0.08463226863520448,
        0.054147685357673586,
        0.3569350508778185,
        0.05850345790338683,
        0.09422126617900344,
        0.09968463771700935,
        0.06330678190047644,
        0.059947189901081124,
        0.04466019497058183,
        0.32466634067740024,
        0.1750465492499346,
        0.15109663226698733,
        0.09821486428655608,
        0.08975803917000659,
        0.08261342632657924,
        0.07850091845718954,
        0.1006721254409652,
        0.07631697669644288,
        0.09326841219088386
    ]
}